name,college,programmes,n_programmes,scopus_id,scopus_url,google_scholar_id
"Zafar Husain, Ph.D",Business,BBA in Management; BBA in Human Resource Management; BBA in Business Analytics; Master of Business Administration; Doctor of Business Administration (DBA),5,8304977600,https://www.scopus.com/authid/detail.uri?authorId=8304977600,wQj96lkAAAAJ
"Iffat Sabir, Ph.D",Business,BBA in Management; BBA in Human Resource Management; Master of Business Administration; Doctor of Business Administration (DBA),4,57195561731,https://www.scopus.com/authid/detail.uri?authorId=57195561731,2ohepA4AAAAJ
"Jamil Razmak, Ph.D",Business,BBA in Management; BBA in Business Analytics; Master of Business Administration; Master of Science in Business Data Analytics,4,55820308400,https://www.scopus.com/authid/detail.uri?authorId=55820308400,hznXeRUAAAAJ
"Riham Suleiman Muqattash, Ph.D",Business,BBA in Accounting; Master of Business Administration,2,57194492587,https://www.scopus.com/authid/detail.uri?authorId=57194492587,1-WnBnYAAAAJ
"Mohammad Ahmad Al Omari, Ph.D",Business,BBA in Management; BBA in Human Resource Management; Master of Business Administration,3,55331479200,https://www.scopus.com/authid/detail.uri?authorId=55331479200,byGK83cAAAAJ
"Abdelhafid Belarbi, Ph.D",Business,BBA in Finance and Banking; Master of Business Administration; Master of Science in Business Data Analytics,3,57193390999,https://www.scopus.com/authid/detail.uri?authorId=57193390999,6Pz9jXgAAAAJ
"Habib Chabchoub, Ph.D",Business,BBA in Management; Master of Business Administration; Doctor of Business Administration (DBA),3,56007650900,https://www.scopus.com/authid/detail.uri?authorId=56007650900,0TnenGsAAAAJ
"Mohammed Nuseir, Ph.D",Business,Master of Business Administration,1,,,CG0t050AAAAJ
"Amer Mohammad Jaser Qasem, Ph.D",Business,BBA in Accounting; BBA in Finance and Banking; Master of Business Administration,3,36155955800,https://www.scopus.com/authid/detail.uri?authorId=36155955800,Ubf4X1kAAAAJ
"Belkacem Athamena, Ph.D",Business,BBA in Management Information Systems; BBA in Business Analytics; Master of Business Administration; Master of Science in Business Data Analytics,4,6507855990,https://www.scopus.com/authid/detail.uri?authorId=6507855990,N0ePhIwAAAAJ
"Mohanad Ali Halaweh, Ph.D",Business,BBA in Management Information Systems; BBA in Business Analytics; Master of Science in Business Data Analytics,3,25960639300,https://www.scopus.com/authid/detail.uri?authorId=25960639300,94i_H0AAAAAJ
"Rania Badreldin Mostafa, Ph.D",Business,BBA in Marketing; Master of Business Administration,2,56829186600,https://www.scopus.com/authid/detail.uri?authorId=56829186600,w8Z_T0oAAAAJ
"Shorouq F. Eletter, Ph.D",Business,BBA in Management; BBA in Business Analytics; Master of Business Administration; Master of Science in Business Data Analytics; Doctor of Business Administration (DBA),5,55539589600,https://www.scopus.com/authid/detail.uri?authorId=55539589600,pkeDpYEAAAAJ
"Ibrahim Niankara, Ph.D",Business,BBA in Finance and Banking; BBA in Business Analytics; Master of Business Administration; Master of Science in Business Data Analytics,4,57200579496,https://www.scopus.com/authid/detail.uri?authorId=57200579496,Wy1OKMUAAAAJ
"Mosab Tabash, Ph.D",Business,BBA in Finance and Banking; Master of Business Administration,2,57194232562,https://www.scopus.com/authid/detail.uri?authorId=57194232562,r7aMwuMAAAAJ
"Mariam Farooq, Ph.D",Business,BBA in Human Resource Management; Master of Business Administration,2,56045457600,https://www.scopus.com/authid/detail.uri?authorId=56045457600,ajPWBboAAAAJAAJ
"Kholoud Al Qeisi, Ph.D",Business,BBA in Marketing; Master of Business Administration,2,57222239635,https://www.scopus.com/authid/detail.uri?authorId=57222239635,zEhM-asAAAAJ
"Tahira Yasmin, Ph.D",Business,BBA in Management; Master of Business Administration,2,56406291900,https://www.scopus.com/authid/detail.uri?authorId=56406291900,kmjluTgAAAAJ
"Wejdan Farhan, Ph.D",Business,BBA in Management Information Systems; BBA in Business Analytics; Master of Business Administration; Master of Science in Business Data Analytics,4,57204125292,https://www.scopus.com/authid/detail.uri?authorId=57204125292,F3qMxeQAAAAJ
"Mohamed Elmaghrabi, Ph.D",Business,BBA in Accounting; BBA in Finance and Banking; Master of Business Administration,3,57218997711,https://www.scopus.com/authid/detail.uri?authorId=57218997711,0OEoSnIAAAAJ
"Mohammad Sharairi, Ph.D",Business,BBA in Accounting; Master of Business Administration,2,57213149438,https://www.scopus.com/authid/detail.uri?authorId=57213149438,bi-n4Q0AAAAJ
"Maha Nayef Rahrouh, Ph.D",Business,BBA in Finance and Banking; Master of Business Administration; Master of Science in Business Data Analytics,3,6504655800,https://www.scopus.com/authid/detail.uri?authorId=6504655800,hV4ME8EAAAAJ
"Yasin Khalil Karsoo, Ph.D",Business,BBA in Management; BBA in Human Resource Management,2,58965168900,https://www.scopus.com/authid/detail.uri?authorId=58965168900,Z1OtNH4AAAAJ
"Mohamed Ahmed Shaker Ahmed, Ph.D",Business,BBA in Accounting; BBA in Finance and Banking,2,57217167465,https://www.scopus.com/authid/detail.uri?authorId=57217167465,rMVAnQYAAAAJ
"Mohsin Murtaza, PhD",Business,none,0,,,lLDYpPoAAAAJ
Sajjad Ahamed,Business,none,0,,,
Manar Hamed,Business,none,0,,,
Fidha Parvin,Business,none,0,,,
Malak Hidq,Business,none,0,,,
"Qutaibah Althebyan, Ph.D",Engineering,Bachelor of Science in Software Engineering; Bachelor of Science in Computer Science; Bachelor of Science in Cybersecurity,3,24480714400,https://www.scopus.com/authid/detail.uri?authorId=24480714400,nEWmTKEAAAAJ
"Faten Kharbat, Ph.D",Engineering,Bachelor of Science in Computer Science,1,19639814600,https://www.scopus.com/authid/detail.uri?authorId=19639814600,qLSVOO0AAAAJ
"Mawahib H. Sulieman, Ph.D",Engineering,Bachelor of Science in Computer Engineering; Bachelor of Science in Networks and Communication Engineering,2,9732920600,https://www.scopus.com/authid/detail.uri?authorId=9732920600,MlNzVL4AAAAJ
"Thabet Mismar, Ph.D",Engineering,Bachelor of Science in Computer Engineering; Bachelor of Science in Networks and Communication Engineering,2,25927311100,https://www.scopus.com/authid/detail.uri?authorId=25927311100,c6k9SZQAAAAJ
"Saqib Iqbal, Ph.D",Engineering,Bachelor of Science in Software Engineering; Bachelor of Science in Computer Science,2,57212034484,https://www.scopus.com/authid/detail.uri?authorId=57212034484,4BIbZhoAAAAJ
"Yazeed Yasin Ghadi, Ph.D",Engineering,Bachelor of Science in Software Engineering; Bachelor of Science in Computer Science; Master of Science in Software Systems Engineering,3,55797735700,https://www.scopus.com/authid/detail.uri?authorId=55797735700,h3X_qMkAAAAJ
"Zina Houhamdi, Ph.D",Engineering,Bachelor of Science in Software Engineering; Bachelor of Science in Computer Science; Bachelor of Science in Cybersecurity; Master of Science in Artificial Intelligence,4,8051136100,https://www.scopus.com/authid/detail.uri?authorId=8051136100,ycuTOJsAAAAJ
"Muath Ziad Najib Al-Shaikh, Ph.D",Engineering,Bachelor of Science in Cybersecurity,1,57188834531,https://www.scopus.com/authid/detail.uri?authorId=57188834531,oCOZvcEAAAAJ
"Nazih Khaddaj Mallat, Ph.D",Engineering,Bachelor of Science in Networks and Communication Engineering,1,25031731100,https://www.scopus.com/authid/detail.uri?authorId=25031731100,JYO2Q5gAAAAJ
"Haythem Bany Salameh, Ph.D",Engineering,Bachelor of Science in Networks and Communication Engineering; Master of Science in Software Systems Engineering; Master of Science in Artificial Intelligence,3,57205146444,https://www.scopus.com/authid/detail.uri?authorId=57205146444,4YGH0KgAAAAJ
"Mohammad AlHassan, Ph.D",Engineering,Bachelor of Science in Civil Engineering,1,16549090800,https://www.scopus.com/authid/detail.uri?authorId=16549090800,4uCR4AIAAAAJ
"Hussam Abdel-Karim Al-Rabai'ah, Ph.D",Engineering,Bachelor of Science in Software Engineering; Bachelor of Science in Computer Science,2,57195346626,https://www.scopus.com/authid/detail.uri?authorId=57195346626,avzNse0AAAAJ
"Mousa Bani Baker, Ph.D",Engineering,Bachelor of Science in Civil Engineering,1,57203210357,https://www.scopus.com/authid/detail.uri?authorId=57203210357,x33qpQMAAAAJ
"Layla Khalil Amaireh, Ph.D",Engineering,Bachelor of Science in Civil Engineering,1,57203765026,https://www.scopus.com/authid/detail.uri?authorId=57203765026,I_MuoBkAAAAJ
"Issam Al-Azzoni, Ph.D",Engineering,Bachelor of Science in Software Engineering; Bachelor of Science in Computer Science; Master of Science in Artificial Intelligence,3,25225108500,https://www.scopus.com/authid/detail.uri?authorId=25225108500,SMiPOBoAAAAJ
"Mohammad Sh. Daoud, Ph.D",Engineering,Bachelor of Science in Computer Science; Master of Science in Software Systems Engineering,2,55539511200,https://www.scopus.com/authid/detail.uri?authorId=55539511200,WZCkBkMAAAAJ
"Muath Jodei Al Hasan, Ph.D",Engineering,Bachelor of Science in Networks and Communication Engineering,1,35145370900,https://www.scopus.com/authid/detail.uri?authorId=35145370900,-YBjZPcAAAAJ
"Khubaib Amjad Alam, Ph.D",Engineering,Bachelor of Science in Software Engineering,1,56504833200,https://www.scopus.com/authid/detail.uri?authorId=56504833200,s_BMc5YAAAAJ
"Nuha Hamed Hamada, Ph.D",Engineering,Bachelor of Science in Computer Science,1,,,VXDlEyYAAAAJ
"Ubaid Ullah, Ph.D",Engineering,Bachelor of Science in Networks and Communication Engineering,1,57210185494,https://www.scopus.com/authid/detail.uri?authorId=57210185494,gPJaPK0AAAAJ
"Noor Aldeen Alawad, Ph.D",Engineering,Bachelor of Science in Artificial Intelligence and Robotics; Master of Science in Artificial Intelligence,2,57190494811,https://www.scopus.com/authid/detail.uri?authorId=57190494811,IPTnKWYAAAAJ
"Armagan Elibol, Ph.D",Engineering,Bachelor of Science in Artificial Intelligence and Robotics; Master of Science in Artificial Intelligence,2,24733903500,https://www.scopus.com/authid/detail.uri?authorId=24733903500,0K866ugAAAAJ
"Salah Taamneh, Ph.D",Engineering,none,0,,,
"Mohammad Khaled Al-Hattab, Ph.D",Engineering,Bachelor of Science in Computer Engineering,1,24823991700,https://www.scopus.com/authid/detail.uri?authorId=24823991700,XRk871UAAAAJ
"Tarik Elamsy, Ph.D",Engineering,Bachelor of Science in Computer Science,1,20433783900,https://www.scopus.com/authid/detail.uri?authorId=20433783900,G67OoAgAAAAJ
"Tareq Mohamed Oshan, Ph.D",Engineering,Bachelor of Science in Computer Science,1,58368817700,https://www.scopus.com/authid/detail.uri?authorId=58368817700,gSeG_V8AAAAJ
"Omar Fawwaz Najm, Ph.D",Engineering,Bachelor of Science in Civil Engineering,1,57189215293,https://www.scopus.com/authid/detail.uri?authorId=57189215293,5AZQhF8AAAAJ
"Muhammad Ilyas, Ph.D",Engineering,Bachelor of Science in Cybersecurity,1,57203258353,https://www.scopus.com/authid/detail.uri?authorId=57203258353,io_LywsAAAAJ
"Haroon Mahmood, Ph.D",Engineering,Bachelor of Science in Cybersecurity,1,57210927054,https://www.scopus.com/authid/detail.uri?authorId=57210927054,TJv3l2QAAAAJ
"Mahmoud Sharkawi, Ph.D",Engineering,Bachelor of Science in Computer Science,1,57226579956,https://www.scopus.com/authid/detail.uri?authorId=57226579956,TnwW9mwAAAAJ
"Suhib Bani Melhem , Ph.D",Engineering,Bachelor of Science in Cybersecurity,1,56786127900,https://www.scopus.com/authid/detail.uri?authorId=56786127900,GkB4a7QAAAAJ
"Huda Yousef Mohammad Alsheyab, Ph.D",Engineering,none,0,57210170292,https://www.scopus.com/authid/detail.uri?authorId=57210170292,VlE6G1YAAAAJ
"Mohammad Okour, Ph.D",Engineering,none,0,,,
"Ayman Hussien Odeh, M.Sc",Engineering,Bachelor of Science in Software Engineering; Bachelor of Science in Computer Science,2,57198420445,https://www.scopus.com/authid/detail.uri?authorId=57198420445,OJ1AodEAAAAJ
"Musab Mustafa Hijazi, M.Sc",Engineering,Bachelor of Science in Software Engineering; Bachelor of Science in Computer Science,2,57222079373,https://www.scopus.com/authid/detail.uri?authorId=57222079373,TI5I1AYAAAAJ
Yazan Nawaf Al-Ahmed,Engineering,Bachelor of Science in Computer Science,1,58850551300,https://www.scopus.com/authid/detail.uri?authorId=58850551300,kIHpiFcAAAAJ
Esra'a Sami Ahmad Hijah,Engineering,Bachelor of Science in Civil Engineering,1,58517120800,https://www.scopus.com/authid/detail.uri?authorId=58517120800,5dx7h7sAAAAJ
Nura shifa musa,Engineering,none,0,58078101700,https://www.scopus.com/authid/detail.uri?authorId=58078101700,D8ehQDEAAAAJ
Huda Alheeh,Engineering,Bachelor of Science in Computer Engineering; Bachelor of Science in Networks and Communication Engineering,2,57929716900,https://www.scopus.com/authid/detail.uri?authorId=57929716900,
Sawsan AlAwad,Engineering,Bachelor of Science in Computer Engineering,1,,,
Tamer Saleh,Engineering,none,0,,,
Mhd Akram Nazar,Engineering,none,0,,,
Esra Jamil Hasan Al-Nashash,Engineering,Bachelor of Science in Software Engineering; Bachelor of Science in Computer Science,2,,,
Ayesha Siddique,Engineering,none,0,,,
Yara Rashwan,Engineering,none,0,,,
Yaman Sufian Albadawi,Engineering,none,0,,,
Fawzi Mohammed,Engineering,none,0,,,
Kenan Ismail Hassan,Engineering,none,0,,,
Dalia Rami Darweesh,Engineering,none,0,,,
Zaid Hadya,Engineering,none,0,,,
Nuha Hakim,Engineering,none,0,,,
Lina Nahil Chehayber,Engineering,none,0,,,
Shamma Husain Alblooshi,Engineering,none,0,,,
"Moustafa Kandeel, Ph.D",Law,Bachelor of Law; Master of Private Law,2,57219603105,https://www.scopus.com/authid/detail.uri?authorId=57219603105,EQEQGyUAAAAJ
"Ramzi Ahmad Madi, Ph.D",Law,Bachelor of Law; Master of Private Law,2,36008823000,https://www.scopus.com/authid/detail.uri?authorId=36008823000,Clq9wn8AAAAJ
"Ahmed Fekry Taha Moussa, Ph.D",Law,Bachelor of Law; Master of Public Law; Master of Criminal Science,3,57232817000,https://www.scopus.com/authid/detail.uri?authorId=57232817000,
"Ali Hadi Alwan Elobaidi, Ph.D",Law,Bachelor of Law; Master of Private Law,2,57226685678,https://www.scopus.com/authid/detail.uri?authorId=57226685678,GwL1ssUAAAAJ
"Tayil Mohmoud Sheyab, Ph.D",Law,Bachelor of Law; Master of Public Law; Master of Criminal Science,3,57217286955,https://www.scopus.com/authid/detail.uri?authorId=57217286955,FgatXWkAAAAJ
"Tariq Abdel Rahman Kameel, Ph.D",Law,Bachelor of Law; Master of Private Law,2,57212559077,https://www.scopus.com/authid/detail.uri?authorId=57212559077,-IHrIwQAAAAJ
"Ibrahim Suleiman Alqatawneh, Ph.D",Law,Bachelor of Law; Master of Public Law; Master of Criminal Science,3,57223391279,https://www.scopus.com/authid/detail.uri?authorId=57223391279,eRFGEMYAAAAJ
"Ziad kh. Alenizi, Ph.D",Law,Bachelor of Law; Master of Private Law,2,57210587518,https://www.scopus.com/authid/detail.uri?authorId=57210587518,rCnY57oAAAAJ
"Faisal Abdelhafez Shawabkeh, Ph.D",Law,Bachelor of Law; Master of Public Law,2,57215425146,https://www.scopus.com/authid/detail.uri?authorId=57215425146,TB_EBcsAAAAJ
"Fayez Mohammad Al Nusair, Ph.D",Law,Bachelor of Law; Master of Private Law,2,57891349600,https://www.scopus.com/authid/detail.uri?authorId=57891349600,0PFeN3EAAAAJ
"Suhaib Walid Sharaiyra, Ph.D",Law,Bachelor of Law; Master of Private Law,2,57208001697,https://www.scopus.com/authid/detail.uri?authorId=57208001697,mwNgf8YAAAAJ
"Abdullah Abdullatif, Ph.D",Law,Bachelor of Law,1,,,
Amal Aboeida,Law,none,0,,,
Wafa Al Zayyat,Law,none,0,,,
"Mohammad Ahmad Ghattas, Ph.D",Pharmacy,Bachelor of Science in Pharmacy; Master of Science in Pharmaceutical Sciences,2,36463516700,https://www.scopus.com/authid/detail.uri?authorId=36463516700,Lhpg7dsAAAAJ
"Mosab Arafat, Ph.D",Pharmacy,Bachelor of Science in Pharmacy; Master of Science in Pharmaceutical Sciences,2,56380109600,https://www.scopus.com/authid/detail.uri?authorId=56380109600,qHOjk0gAAAAJ
"Faris El-Dahiyat, Ph.D",Pharmacy,Bachelor of Science in Pharmacy; Master of Science in Clinical Pharmacy; Master of Science in Pharmaceutical Sciences,3,36005436900,https://www.scopus.com/authid/detail.uri?authorId=36005436900,VKxLTKoAAAAJ
"Mohammad Bostanudin, Ph.D",Pharmacy,Bachelor of Science in Pharmacy; Master of Science in Pharmaceutical Sciences,2,57214623127,https://www.scopus.com/authid/detail.uri?authorId=57214623127,-0nwuwgAAAAJ
"Mahmoud Abu-Ghoush, Ph.D",Pharmacy,Bachelor of Science in Nutrition and Dietetics,1,,,i18R0x4AAAAJ
"Sehar Iqbal, Ph.D",Pharmacy,Bachelor of Science in Nutrition and Dietetics,1,58987438800,https://www.scopus.com/authid/detail.uri?authorId=58987438800,gTmLXfwAAAAJ
"Rose Ghemrawi, Ph.D",Pharmacy,Bachelor of Science in Pharmacy; Master of Science in Pharmaceutical Sciences,2,55643594600,https://www.scopus.com/authid/detail.uri?authorId=55643594600,J5DQvlIAAAAJ
"Khairi Mustafa Salem, Ph.D",Pharmacy,Bachelor of Science in Pharmacy; Master of Science in Pharmaceutical Sciences,2,57209829585,https://www.scopus.com/authid/detail.uri?authorId=57209829585,KmLTQXkAAAAJ
"Arshad Mahmood, Ph.D",Pharmacy,Bachelor of Science in Pharmacy; Master of Science in Pharmaceutical Sciences,2,56706906200,https://www.scopus.com/authid/detail.uri?authorId=56706906200,qqisYJYAAAAJ
"Mohammad Majed Al Ahmad, Ph.D",Pharmacy,Bachelor of Science in Pharmacy; Master of Science in Clinical Pharmacy,2,57216648477,https://www.scopus.com/authid/detail.uri?authorId=57216648477,IgH1h_EAAAAJ
"Amira Shaaban Ahmed, Ph.D",Pharmacy,Bachelor of Science in Pharmacy; Master of Science in Clinical Pharmacy,2,55331656100,https://www.scopus.com/authid/detail.uri?authorId=55331656100,ZyifriYAAAAJ
"Muhammad Sarfraz, Ph.D",Pharmacy,Bachelor of Science in Pharmacy; Master of Science in Pharmaceutical Sciences,2,36775730700,https://www.scopus.com/authid/detail.uri?authorId=36775730700,2CyowfIAAAAJ
"Nadia Hussain, Ph.D",Pharmacy,Bachelor of Science in Pharmacy; Master of Science in Pharmaceutical Sciences,2,57898788600,https://www.scopus.com/authid/detail.uri?authorId=57898788600,MvPrkI8AAAAJ
"Nezar Al Bataineh, Ph.D",Pharmacy,Bachelor of Science in Pharmacy; Master of Science in Pharmaceutical Sciences,2,36766892200,https://www.scopus.com/authid/detail.uri?authorId=36766892200,4r73J4UAAAAJ
"Asim Ahmed Elnour Ahmed, Ph.D",Pharmacy,Bachelor of Science in Pharmacy; Master of Science in Clinical Pharmacy,2,,,9B-hEpwAAAAJ
"Azza Galal Ramadan,Ph.D",Pharmacy,Bachelor of Science in Pharmacy; Master of Science in Pharmaceutical Sciences,2,57221312212,https://www.scopus.com/authid/detail.uri?authorId=57221312212,2_DvGj8AAAAJ
"Narmeen El Awwad, Ph.D",Pharmacy,Bachelor of Science in Nutrition and Dietetics,1,14321071700,https://www.scopus.com/authid/detail.uri?authorId=14321071700,m6fOkeYAAAAJ
"Razan Almomani, Ph.d",Pharmacy,none,0,,,9vDjNiwAAAAJ
"Yazan K. Ranneh, Ph.D",Pharmacy,Bachelor of Science in Nutrition and Dietetics,1,55771711000,https://www.scopus.com/authid/detail.uri?authorId=55771711000,19GrEAkAAAAJ
"Taima Zakaria Alqudah, Ph.D",Pharmacy,Bachelor of Science in Pharmacy; Master of Science in Pharmaceutical Sciences,2,55856345500,https://www.scopus.com/authid/detail.uri?authorId=55856345500,-BcwNT8AAAAJ
"Saad Touqeer, Ph.D",Pharmacy,Bachelor of Science in Pharmacy; Master of Science in Pharmaceutical Sciences,2,56237819700,https://www.scopus.com/authid/detail.uri?authorId=56237819700,wh1l_FEAAAAJ
"Awfa Alazzeh, Ph.D",Pharmacy,none,0,,,
"Ahmed Eissa, Ph.D",Pharmacy,Bachelor of Science in Pharmacy; Master of Science in Pharmaceutical Sciences,2,57136518500,https://www.scopus.com/authid/detail.uri?authorId=57136518500,l2i1OAsAAAAJ
"Kareem Abdou, Ph.D",Pharmacy,Bachelor of Science in Pharmacy; Master of Science in Pharmaceutical Sciences,2,57203212201,https://www.scopus.com/authid/detail.uri?authorId=57203212201,skY5178AAAAJ
"Jumana Yousef Almegdadi, MSc",Pharmacy,Bachelor of Science in Pharmacy,1,,,
Zakieh Abuelkhair,Pharmacy,Bachelor of Science in Pharmacy,1,,,
"Kawthar Mohammad Kayed, M.Sc",Pharmacy,Bachelor of Science in Pharmacy,1,57203727811,https://www.scopus.com/authid/detail.uri?authorId=57203727811,Gti9xNIAAAAJ
Imranul Haq,Pharmacy,none,0,,,
Rami Abu Jarad,Pharmacy,none,0,,,
Dana Obaid,Pharmacy,none,0,,,
Shaima Emad Ahmad Hasan,Pharmacy,none,0,,,
Ahmad Ziad Al Meslamani,Pharmacy,none,0,,,
Lana Bustanji,Pharmacy,none,0,,,
Nasrin Akther Rima,Pharmacy,none,0,,,
Nour Dabbagh,Pharmacy,none,0,,,
Abdelrahman H. Abdeen,Pharmacy,none,0,,,
Mohd Molham Sakkal,Pharmacy,none,0,,,
Khawla AbouHait,Pharmacy,none,0,,,
Rahma Elsherif,Pharmacy,none,0,,,
Pretty Jane,Pharmacy,none,0,,,
Reem Abdalla Ali,Pharmacy,none,0,,,
Haya Yasser AlDakheel,Pharmacy,none,0,,,
Vinnah Jenn Ibarrola,Pharmacy,none,0,,,
Verna Princess Jimenez,Pharmacy,none,0,,,
Shambhavi Joshi,Pharmacy,none,0,,,
"Emad Mohammad Alghazo, Ph.D",Education/Humanities,Bachelor of Education in Special Education; Master in Gifted and Talented Education,2,14324208400,https://www.scopus.com/authid/detail.uri?authorId=14324208400,k800oB0AAAAJ
"Hanene Lahiani, Ph.D",Education/Humanities,Bachelor of Arts in English Language and Translation; Bachelor of Education - English Language Teacher Education,2,57211925114,https://www.scopus.com/authid/detail.uri?authorId=57211925114,7F-nimgAAAAJ
"Mona Kamal Ibrahim, Ph.D",Education/Humanities,Bachelor of Arts in English Language and Translation; Postgraduate Professional Diploma in Teaching,2,57193867771,https://www.scopus.com/authid/detail.uri?authorId=57193867771,RNFCJFcAAAAJ
"Suad Abdel Karim Alwaely, Ph.D",Education/Humanities,Postgraduate Professional Diploma in Teaching; Master of Education in Arabic Language Curricula and Instruction; Master of Education in Islamic Education Curricula and Instruction; Doctor of Philosophy in Education - Arabic Language Curricula and Teaching Methods,4,57214223477,https://www.scopus.com/authid/detail.uri?authorId=57214223477,4bWq7Y8AAAAJ
"Khawlah Mitib Al-Takhayneh, Ph.D",Education/Humanities,Bachelor of Arts in Applied Sociology; Master of Arts in Applied Sociology,2,57205494668,https://www.scopus.com/authid/detail.uri?authorId=57205494668,hwmWR8gAAAAJ
"Khaled Khamis Nser, Ph.D",Education/Humanities,Bachelor of Arts in Applied Sociology; Master of Arts in Applied Sociology,2,57211635227,https://www.scopus.com/authid/detail.uri?authorId=57211635227,aEgvb_sAAAAJ
"Samir Jabra Dukmak, Ph.D",Education/Humanities,Bachelor of Arts in Applied Psychology; Bachelor of Education in Special Education; Master in Gifted and Talented Education,3,24400893500,https://www.scopus.com/authid/detail.uri?authorId=24400893500,N48HmXUAAAAJ
"Samer Adnan Abdel-Hadi, Ph.D",Education/Humanities,Bachelor of Arts in Applied Psychology; Postgraduate Professional Diploma in Teaching; Master in Gifted and Talented Education,3,57200498605,https://www.scopus.com/authid/detail.uri?authorId=57200498605,fS_uDpgAAAAJ
"Mohammad Husien Faqeeh, Ph.D",Education/Humanities,Bachelor in Arabic Language and Literature; Bachelor in Islamic Studies,2,,,-uuy_uUAAAAJ
"Mohammad Issa Al-Hourani, Ph.D",Education/Humanities,Bachelor in Arabic Language and Literature; Bachelor in Islamic Studies,2,57215611725,https://www.scopus.com/authid/detail.uri?authorId=57215611725,iEqDDBUAAAAJ
"Eman Ali Zaitoun, Ph.D",Education/Humanities,Postgraduate Professional Diploma in Teaching; Postgraduate Professional Diploma in Early Childhood Education,2,57205345987,https://www.scopus.com/authid/detail.uri?authorId=57205345987,HautztsAAAAJ
"Suzan Al Abidi, Ph.D",Education/Humanities,Postgraduate Professional Diploma in Teaching,1,57847529400,https://www.scopus.com/authid/detail.uri?authorId=57847529400,TMG25RkAAAAJ
"Abdel Ghani Amar Remache, Ph.D",Education/Humanities,Bachelor of Arts in English Language and Translation; Bachelor of Education - English Language Teacher Education,2,56662200500,https://www.scopus.com/authid/detail.uri?authorId=56662200500,Jrn_hK0AAAAJ
"Mohammad Salman Alkhazaleh, Ph.D",Education/Humanities,Postgraduate Professional Diploma in Teaching; Postgraduate Professional Diploma in Early Childhood Education,2,57222655314,https://www.scopus.com/authid/detail.uri?authorId=57222655314,h2gGx08AAAAJ
"Mohamed Elsayed Elzeiny, Ph.D",Education/Humanities,Postgraduate Professional Diploma in Teaching; Master of Education in Arabic Language Curricula and Instruction; Master of Education in Islamic Education Curricula and Instruction; Doctor of Philosophy in Education - Arabic Language Curricula and Teaching Methods,4,58545542900,https://www.scopus.com/authid/detail.uri?authorId=58545542900,w-59gWQAAAAJ
"Ashraf Alazab, PhD",Education/Humanities,Bachelor of Arts in Applied Sociology; Master of Arts in Applied Sociology,2,57223987827,https://www.scopus.com/authid/detail.uri?authorId=57223987827,AkKvkZgAAAAJ
"Salwa Abdallah Al-Majali, Ph.D",Education/Humanities,Bachelor of Arts in Applied Psychology; Bachelor of Education in Special Education; Master in Gifted and Talented Education,3,57203149400,https://www.scopus.com/authid/detail.uri?authorId=57203149400,5fu_3gkAAAAJ
"Omran Ahmad Musleh, Ph.D",Education/Humanities,Postgraduate Professional Diploma in Teaching; Master of Education in Arabic Language Curricula and Instruction; Master of Education in Islamic Education Curricula and Instruction; Doctor of Philosophy in Education - Arabic Language Curricula and Teaching Methods,4,57218879552,https://www.scopus.com/authid/detail.uri?authorId=57218879552,8mo_El4AAAAJ
"Hussein Khazer Saleh Almajali, Ph.D",Education/Humanities,Bachelor of Arts in Applied Psychology,1,57222368483,https://www.scopus.com/authid/detail.uri?authorId=57222368483,9JHxS6UAAAAJ
"Imad Ibraheem KH.Mostafa,Ph.D",Education/Humanities,Bachelor in Islamic Studies; Master of Education in Islamic Education Curricula and Instruction,2,57225930384,https://www.scopus.com/authid/detail.uri?authorId=57225930384,zHUJKD0AAAAJ
"Hatem Ahmed Suleiman Al-qudah, Ph.D",Education/Humanities,Postgraduate Professional Diploma in Teaching; Master of Education in Arabic Language Curricula and Instruction; Master of Education in Islamic Education Curricula and Instruction; Doctor of Philosophy in Education - Arabic Language Curricula and Teaching Methods,4,57221477618,https://www.scopus.com/authid/detail.uri?authorId=57221477618,hAhH6CwAAAAJ
"Enas Said Abulibdeh, Ph.D",Education/Humanities,Postgraduate Professional Diploma in Teaching,1,54395007700,https://www.scopus.com/authid/detail.uri?authorId=54395007700,wcxqxtgAAAAJ
"Wafa' Abdemahdi Hazaymeh, Ph.D",Education/Humanities,Bachelor of Arts in English Language and Translation; Postgraduate Professional Diploma in Teaching; Postgraduate Professional Diploma in Early Childhood Education,3,57211599555,https://www.scopus.com/authid/detail.uri?authorId=57211599555,qX3pTRgAAAAJ
"Razan Numan AlKhatib, Ph.D",Education/Humanities,Bachelor of Education in Special Education; Master in Gifted and Talented Education,2,57213257593,https://www.scopus.com/authid/detail.uri?authorId=57213257593,Ag1tcVkAAAAJ
"Rakan Alhrahsheh, Ph.D",Education/Humanities,Bachelor of Arts in Applied Sociology; Master of Arts in Applied Sociology,2,57201617442,https://www.scopus.com/authid/detail.uri?authorId=57201617442,
"Nahla Alshalabi, Ph.D",Education/Humanities,Bachelor in Arabic Language and Literature,1,,,JH7asoIAAAAJ
"Hussein Al Sarhan,Ph.D",Education/Humanities,Bachelor of Arts in Applied Sociology; Master of Arts in Applied Sociology,2,57210948993,https://www.scopus.com/authid/detail.uri?authorId=57210948993,
"Abdoulaye Kaba, Ph.D",Education/Humanities,Postgraduate Professional Diploma in Teaching,1,36951393200,https://www.scopus.com/authid/detail.uri?authorId=36951393200,WEN9a-QAAAAJ
"Salem Khalil Al Aqtash, Ph.D",Education/Humanities,Bachelor in Arabic Language and Literature,1,57191485851,https://www.scopus.com/authid/detail.uri?authorId=57191485851,
"Shirin Saleh Al-Odwan, Ph.D",Education/Humanities,Bachelor of Arts in Applied Sociology; Postgraduate Professional Diploma in Teaching,2,57215874181,https://www.scopus.com/authid/detail.uri?authorId=57215874181,ShuZaAsAAAAJ
"Dina Naser Tahat, Ph.D",Education/Humanities,Bachelor of Arts in Applied Sociology; Master of Arts in Applied Sociology,2,57210446636,https://www.scopus.com/authid/detail.uri?authorId=57210446636,sy6px5wAA
"Mohannad Salameh Alkhalaileh, Ph.D",Education/Humanities,Postgraduate Professional Diploma in Teaching,1,55545318300,https://www.scopus.com/authid/detail.uri?authorId=55545318300,6yclcP8AAAAJ
"Sura Qiqieh, Ph.D",Education/Humanities,Bachelor of Arts in English Language and Translation; Postgraduate Professional Diploma in Teaching; Postgraduate Professional Diploma in Early Childhood Education,3,58538321700,https://www.scopus.com/authid/detail.uri?authorId=58538321700,-V-Nz74AAAAJ
"Shirin Abdallah AlAmoor, Ph.D",Education/Humanities,Bachelor of Arts in Applied Psychology,1,5861206300,https://www.scopus.com/authid/detail.uri?authorId=5861206300,ApYtSM4AAAAJ
"Maram Salah Jaradat, Ph.D",Education/Humanities,Postgraduate Professional Diploma in Teaching,1,57201584144,https://www.scopus.com/authid/detail.uri?authorId=57201584144,SeDEI34AAAAJ
"Abdeldjalil Bouzenoun, Ph.D",Education/Humanities,Bachelor of Arts in English Language and Translation; Postgraduate Professional Diploma in Teaching; Postgraduate Professional Diploma in Early Childhood Education,3,58712340900,https://www.scopus.com/authid/detail.uri?authorId=58712340900,6E9yYvUAAAAJ
"Jihan Yousef, Ph.D",Education/Humanities,Postgraduate Professional Diploma in Teaching,1,58290704200,https://www.scopus.com/authid/detail.uri?authorId=58290704200,1LbDtTwAAAAJ
"Dima Farhat, Ph.D",Education/Humanities,Bachelor of Arts in English Language and Translation; Postgraduate Professional Diploma in Teaching,2,59390231700,https://www.scopus.com/authid/detail.uri?authorId=59390231700,5GXlrS4AAAAJ
"Amjad Alhenawi, Ph.D",Education/Humanities,none,0,,,
"Amjad Kamal Owais, MA",Education/Humanities,Bachelor of Arts in English Language and Translation; Bachelor of Education - English Language Teacher Education,2,57216809009,https://www.scopus.com/authid/detail.uri?authorId=57216809009,nZc9rVoAAAAJ
"Moath Kalef Al Omery, MA",Education/Humanities,Bachelor in Islamic Studies,1,57215814165,https://www.scopus.com/authid/detail.uri?authorId=57215814165,kl7Yd98AAAAJ
Reem Hamad Sala,Education/Humanities,none,0,,,
Randa Radwan Abu Eida,Education/Humanities,none,0,,,
Mariam Alnaqbi,Education/Humanities,none,0,,,
"Rahima Aissani, Ph.D",Communication,Bachelor of Mass Communication and Media; Bachelor of Digital Media; Bachelor of Advertising and Digital Marketing; Bachelor of Public Relations; Bachelor of Communication and Crisis; Master of Arts in Digital Media and Public Relations,6,57201681276,https://www.scopus.com/authid/detail.uri?authorId=57201681276,Pc37sxAAAAAJ
"Mohammed Taher Nuseir, Ph.D",Communication,Bachelor of Mass Communication and Media; Bachelor of Digital Media; Bachelor of Advertising and Digital Marketing; Bachelor of Public Relations; Bachelor of Communication and Crisis; Master of Arts in Digital Media and Public Relations,6,26638922500,https://www.scopus.com/authid/detail.uri?authorId=26638922500,CG0t050AAAAJ
"Rania Abdallah, Ph.D",Communication,Bachelor of Mass Communication and Media; Bachelor of Digital Media; Bachelor of Advertising and Digital Marketing; Bachelor of Public Relations; Bachelor of Communication and Crisis; Master of Arts in Digital Media and Public Relations,6,58516968500,https://www.scopus.com/authid/detail.uri?authorId=58516968500,WgyCSzcAAAAJ
"Muhammad noor aladwan,Ph.D",Communication,Bachelor of Mass Communication and Media; Bachelor of Digital Media; Bachelor of Advertising and Digital Marketing; Bachelor of Public Relations; Bachelor of Communication and Crisis; Master of Arts in Digital Media and Public Relations,6,57212214124,https://www.scopus.com/authid/detail.uri?authorId=57212214124,GGaP2bcAAAAJ
"Reneh Abokhoza, Ph.D",Communication,Bachelor of Mass Communication and Media; Bachelor of Digital Media; Bachelor of Advertising and Digital Marketing; Bachelor of Public Relations; Bachelor of Communication and Crisis; Master of Arts in Digital Media and Public Relations,6,57217288397,https://www.scopus.com/authid/detail.uri?authorId=57217288397,
"Nahida Makhadmeh, Ph.D",Communication,Bachelor of Mass Communication and Media; Bachelor of Digital Media; Bachelor of Advertising and Digital Marketing; Bachelor of Public Relations; Bachelor of Communication and Crisis; Master of Arts in Digital Media and Public Relations,6,56223821600,https://www.scopus.com/authid/detail.uri?authorId=56223821600,Y08Re8QAAAAJ
"Ahmad AlJumah, Ph.D",Communication,Bachelor of Mass Communication and Media; Bachelor of Digital Media; Bachelor of Advertising and Digital Marketing; Bachelor of Public Relations; Bachelor of Communication and Crisis; Master of Arts in Digital Media and Public Relations,6,57200986764,https://www.scopus.com/authid/detail.uri?authorId=57200986764,ldgPnGkAAAAJ
"Sawsan Taha, Ph.D",Communication,Bachelor of Mass Communication and Media; Bachelor of Digital Media; Bachelor of Advertising and Digital Marketing; Bachelor of Public Relations; Bachelor of Communication and Crisis; Master of Arts in Digital Media and Public Relations,6,58079096600,https://www.scopus.com/authid/detail.uri?authorId=58079096600,xiRQosMAAAAJ
"Amer Khaled Ahmed, Ph.D",Communication,Bachelor of Mass Communication and Media; Bachelor of Digital Media; Bachelor of Advertising and Digital Marketing; Bachelor of Public Relations; Bachelor of Communication and Crisis; Master of Arts in Digital Media and Public Relations,6,57821359000,https://www.scopus.com/authid/detail.uri?authorId=57821359000,lCYPI5QAAAAJ
"Ala’aldin Zahra, PhD",Communication,Bachelor of Mass Communication and Media; Bachelor of Digital Media; Bachelor of Advertising and Digital Marketing; Bachelor of Public Relations; Bachelor of Communication and Crisis,5,58105071500,https://www.scopus.com/authid/detail.uri?authorId=58105071500,KDyXst8AAAAJ
"Farah Saboune, PhD",Communication,Bachelor of Mass Communication and Media; Bachelor of Digital Media; Bachelor of Advertising and Digital Marketing; Bachelor of Public Relations; Bachelor of Communication and Crisis,5,58244574400,https://www.scopus.com/authid/detail.uri?authorId=58244574400,vcBSbS8AAAAJ
Haneen Shabaneh,Communication,none,0,,,
Reem Mohamed Shehada,Communication,none,0,,,
Tasnim Koufi,Communication,none,0,,,
Geron Galela Ronquillo,Communication,none,0,,,
"Firas Abedal-Rahman Alquran, Ph.d",Dentistry,none,0,,,
"Sabrin Azim, PhD",Dentistry,none,0,,,
"Niazur Rahman, Ph.D",Dentistry,none,0,14825540600,https://www.scopus.com/authid/detail.uri?authorId=14825540600,YGrUVM4AAAAJ
Sara Gad,Dentistry,none,0,,,
Tala Alaa Altamimi,Dentistry,none,0,,,
"Lo'ai AbuSharour, Ph.D",Nursing,none,0,57192697518,https://www.scopus.com/authid/detail.uri?authorId=57192697518,2cj2BWwAAAAJ
"Azza Galal Ramadan,Ph.D",Nursing,none,0,57221312212,https://www.scopus.com/authid/detail.uri?authorId=57221312212,2_DvGj8AAAAJ
"Nadeen Alshakhshir, Ph.D",Nursing,none,0,,,
Alaa Masoud,Nursing,none,0,,,
