name,college,programme
"Zafar Husain, Ph.D",Business,BBA in Management
"Zafar Husain, Ph.D",Business,BBA in Human Resource Management
"Zafar Husain, Ph.D",Business,BBA in Business Analytics
"Zafar Husain, Ph.D",Business,Master of Business Administration
"Zafar Husain, Ph.D",Business,Doctor of Business Administration (DBA)
"Iffat Sabir, Ph.D",Business,BBA in Management
"Iffat Sabir, Ph.D",Business,BBA in Human Resource Management
"Iffat Sabir, Ph.D",Business,Master of Business Administration
"Iffat Sabir, Ph.D",Business,Doctor of Business Administration (DBA)
"Jamil Razmak, Ph.D",Business,BBA in Management
"Jamil Razmak, Ph.D",Business,BBA in Business Analytics
"Jamil Razmak, Ph.D",Business,Master of Business Administration
"Jamil Razmak, Ph.D",Business,Master of Science in Business Data Analytics
"Riham Suleiman Muqattash, Ph.D",Business,BBA in Accounting
"Riham Suleiman Muqattash, Ph.D",Business,Master of Business Administration
"Mohammad Ahmad Al Omari, Ph.D",Business,BBA in Management
"Mohammad Ahmad Al Omari, Ph.D",Business,BBA in Human Resource Management
"Mohammad Ahmad Al Omari, Ph.D",Business,Master of Business Administration
"Abdelhafid Belarbi, Ph.D",Business,BBA in Finance and Banking
"Abdelhafid Belarbi, Ph.D",Business,Master of Business Administration
"Abdelhafid Belarbi, Ph.D",Business,Master of Science in Business Data Analytics
"Habib Chabchoub, Ph.D",Business,BBA in Management
"Habib Chabchoub, Ph.D",Business,Master of Business Administration
"Habib Chabchoub, Ph.D",Business,Doctor of Business Administration (DBA)
"Mohammed Nuseir, Ph.D",Business,Master of Business Administration
"Amer Mohammad Jaser Qasem, Ph.D",Business,BBA in Accounting
"Amer Mohammad Jaser Qasem, Ph.D",Business,BBA in Finance and Banking
"Amer Mohammad Jaser Qasem, Ph.D",Business,Master of Business Administration
"Belkacem Athamena, Ph.D",Business,BBA in Management Information Systems
"Belkacem Athamena, Ph.D",Business,BBA in Business Analytics
"Belkacem Athamena, Ph.D",Business,Master of Business Administration
"Belkacem Athamena, Ph.D",Business,Master of Science in Business Data Analytics
"Mohanad Ali Halaweh, Ph.D",Business,BBA in Management Information Systems
"Mohanad Ali Halaweh, Ph.D",Business,BBA in Business Analytics
"Mohanad Ali Halaweh, Ph.D",Business,Master of Science in Business Data Analytics
"Rania Badreldin Mostafa, Ph.D",Business,BBA in Marketing
"Rania Badreldin Mostafa, Ph.D",Business,Master of Business Administration
"Shorouq F. Eletter, Ph.D",Business,BBA in Management
"Shorouq F. Eletter, Ph.D",Business,BBA in Business Analytics
"Shorouq F. Eletter, Ph.D",Business,Master of Business Administration
"Shorouq F. Eletter, Ph.D",Business,Master of Science in Business Data Analytics
"Shorouq F. Eletter, Ph.D",Business,Doctor of Business Administration (DBA)
"Ibrahim Niankara, Ph.D",Business,BBA in Finance and Banking
"Ibrahim Niankara, Ph.D",Business,BBA in Business Analytics
"Ibrahim Niankara, Ph.D",Business,Master of Business Administration
"Ibrahim Niankara, Ph.D",Business,Master of Science in Business Data Analytics
"Mosab Tabash, Ph.D",Business,BBA in Finance and Banking
"Mosab Tabash, Ph.D",Business,Master of Business Administration
"Mariam Farooq, Ph.D",Business,BBA in Human Resource Management
"Mariam Farooq, Ph.D",Business,Master of Business Administration
"Kholoud Al Qeisi, Ph.D",Business,BBA in Marketing
"Kholoud Al Qeisi, Ph.D",Business,Master of Business Administration
"Tahira Yasmin, Ph.D",Business,BBA in Management
"Tahira Yasmin, Ph.D",Business,Master of Business Administration
"Wejdan Farhan, Ph.D",Business,BBA in Management Information Systems
"Wejdan Farhan, Ph.D",Business,BBA in Business Analytics
"Wejdan Farhan, Ph.D",Business,Master of Business Administration
"Wejdan Farhan, Ph.D",Business,Master of Science in Business Data Analytics
"Mohamed Elmaghrabi, Ph.D",Business,BBA in Accounting
"Mohamed Elmaghrabi, Ph.D",Business,BBA in Finance and Banking
"Mohamed Elmaghrabi, Ph.D",Business,Master of Business Administration
"Mohammad Sharairi, Ph.D",Business,BBA in Accounting
"Mohammad Sharairi, Ph.D",Business,Master of Business Administration
"Maha Nayef Rahrouh, Ph.D",Business,BBA in Finance and Banking
"Maha Nayef Rahrouh, Ph.D",Business,Master of Business Administration
"Maha Nayef Rahrouh, Ph.D",Business,Master of Science in Business Data Analytics
"Yasin Khalil Karsoo, Ph.D",Business,BBA in Management
"Yasin Khalil Karsoo, Ph.D",Business,BBA in Human Resource Management
"Mohamed Ahmed Shaker Ahmed, Ph.D",Business,BBA in Accounting
"Mohamed Ahmed Shaker Ahmed, Ph.D",Business,BBA in Finance and Banking
"Mohsin Murtaza, PhD",Business,none
Sajjad Ahamed,Business,none
Manar Hamed,Business,none
Fidha Parvin,Business,none
Malak Hidq,Business,none
"Qutaibah Althebyan, Ph.D",Engineering,Bachelor of Science in Software Engineering
"Qutaibah Althebyan, Ph.D",Engineering,Bachelor of Science in Computer Science
"Qutaibah Althebyan, Ph.D",Engineering,Bachelor of Science in Cybersecurity
"Faten Kharbat, Ph.D",Engineering,Bachelor of Science in Computer Science
"Mawahib H. Sulieman, Ph.D",Engineering,Bachelor of Science in Computer Engineering
"Mawahib H. Sulieman, Ph.D",Engineering,Bachelor of Science in Networks and Communication Engineering
"Thabet Mismar, Ph.D",Engineering,Bachelor of Science in Computer Engineering
"Thabet Mismar, Ph.D",Engineering,Bachelor of Science in Networks and Communication Engineering
"Saqib Iqbal, Ph.D",Engineering,Bachelor of Science in Software Engineering
"Saqib Iqbal, Ph.D",Engineering,Bachelor of Science in Computer Science
"Yazeed Yasin Ghadi, Ph.D",Engineering,Bachelor of Science in Software Engineering
"Yazeed Yasin Ghadi, Ph.D",Engineering,Bachelor of Science in Computer Science
"Yazeed Yasin Ghadi, Ph.D",Engineering,Master of Science in Software Systems Engineering
"Zina Houhamdi, Ph.D",Engineering,Bachelor of Science in Software Engineering
"Zina Houhamdi, Ph.D",Engineering,Bachelor of Science in Computer Science
"Zina Houhamdi, Ph.D",Engineering,Bachelor of Science in Cybersecurity
"Zina Houhamdi, Ph.D",Engineering,Master of Science in Artificial Intelligence
"Muath Ziad Najib Al-Shaikh, Ph.D",Engineering,Bachelor of Science in Cybersecurity
"Nazih Khaddaj Mallat, Ph.D",Engineering,Bachelor of Science in Networks and Communication Engineering
"Haythem Bany Salameh, Ph.D",Engineering,Bachelor of Science in Networks and Communication Engineering
"Haythem Bany Salameh, Ph.D",Engineering,Master of Science in Software Systems Engineering
"Haythem Bany Salameh, Ph.D",Engineering,Master of Science in Artificial Intelligence
"Mohammad AlHassan, Ph.D",Engineering,Bachelor of Science in Civil Engineering
"Hussam Abdel-Karim Al-Rabai'ah, Ph.D",Engineering,Bachelor of Science in Software Engineering
"Hussam Abdel-Karim Al-Rabai'ah, Ph.D",Engineering,Bachelor of Science in Computer Science
"Mousa Bani Baker, Ph.D",Engineering,Bachelor of Science in Civil Engineering
"Layla Khalil Amaireh, Ph.D",Engineering,Bachelor of Science in Civil Engineering
"Issam Al-Azzoni, Ph.D",Engineering,Bachelor of Science in Software Engineering
"Issam Al-Azzoni, Ph.D",Engineering,Bachelor of Science in Computer Science
"Issam Al-Azzoni, Ph.D",Engineering,Master of Science in Artificial Intelligence
"Mohammad Sh. Daoud, Ph.D",Engineering,Bachelor of Science in Computer Science
"Mohammad Sh. Daoud, Ph.D",Engineering,Master of Science in Software Systems Engineering
"Muath Jodei Al Hasan, Ph.D",Engineering,Bachelor of Science in Networks and Communication Engineering
"Khubaib Amjad Alam, Ph.D",Engineering,Bachelor of Science in Software Engineering
"Nuha Hamed Hamada, Ph.D",Engineering,Bachelor of Science in Computer Science
"Ubaid Ullah, Ph.D",Engineering,Bachelor of Science in Networks and Communication Engineering
"Noor Aldeen Alawad, Ph.D",Engineering,Bachelor of Science in Artificial Intelligence and Robotics
"Noor Aldeen Alawad, Ph.D",Engineering,Master of Science in Artificial Intelligence
"Armagan Elibol, Ph.D",Engineering,Bachelor of Science in Artificial Intelligence and Robotics
"Armagan Elibol, Ph.D",Engineering,Master of Science in Artificial Intelligence
"Salah Taamneh, Ph.D",Engineering,none
"Mohammad Khaled Al-Hattab, Ph.D",Engineering,Bachelor of Science in Computer Engineering
"Tarik Elamsy, Ph.D",Engineering,Bachelor of Science in Computer Science
"Tareq Mohamed Oshan, Ph.D",Engineering,Bachelor of Science in Computer Science
"Omar Fawwaz Najm, Ph.D",Engineering,Bachelor of Science in Civil Engineering
"Muhammad Ilyas, Ph.D",Engineering,Bachelor of Science in Cybersecurity
"Haroon Mahmood, Ph.D",Engineering,Bachelor of Science in Cybersecurity
"Mahmoud Sharkawi, Ph.D",Engineering,Bachelor of Science in Computer Science
"Suhib Bani Melhem , Ph.D",Engineering,Bachelor of Science in Cybersecurity
"Huda Yousef Mohammad Alsheyab, Ph.D",Engineering,none
"Mohammad Okour, Ph.D",Engineering,none
"Ayman Hussien Odeh, M.Sc",Engineering,Bachelor of Science in Software Engineering
"Ayman Hussien Odeh, M.Sc",Engineering,Bachelor of Science in Computer Science
"Musab Mustafa Hijazi, M.Sc",Engineering,Bachelor of Science in Software Engineering
"Musab Mustafa Hijazi, M.Sc",Engineering,Bachelor of Science in Computer Science
Yazan Nawaf Al-Ahmed,Engineering,Bachelor of Science in Computer Science
Esra'a Sami Ahmad Hijah,Engineering,Bachelor of Science in Civil Engineering
Nura shifa musa,Engineering,none
Huda Alheeh,Engineering,Bachelor of Science in Computer Engineering
Huda Alheeh,Engineering,Bachelor of Science in Networks and Communication Engineering
Sawsan AlAwad,Engineering,Bachelor of Science in Computer Engineering
Tamer Saleh,Engineering,none
Mhd Akram Nazar,Engineering,none
Esra Jamil Hasan Al-Nashash,Engineering,Bachelor of Science in Software Engineering
Esra Jamil Hasan Al-Nashash,Engineering,Bachelor of Science in Computer Science
Ayesha Siddique,Engineering,none
Yara Rashwan,Engineering,none
Yaman Sufian Albadawi,Engineering,none
Fawzi Mohammed,Engineering,none
Kenan Ismail Hassan,Engineering,none
Dalia Rami Darweesh,Engineering,none
Zaid Hadya,Engineering,none
Nuha Hakim,Engineering,none
Lina Nahil Chehayber,Engineering,none
Shamma Husain Alblooshi,Engineering,none
"Moustafa Kandeel, Ph.D",Law,Bachelor of Law
"Moustafa Kandeel, Ph.D",Law,Master of Private Law
"Ramzi Ahmad Madi, Ph.D",Law,Bachelor of Law
"Ramzi Ahmad Madi, Ph.D",Law,Master of Private Law
"Ahmed Fekry Taha Moussa, Ph.D",Law,Bachelor of Law
"Ahmed Fekry Taha Moussa, Ph.D",Law,Master of Public Law
"Ahmed Fekry Taha Moussa, Ph.D",Law,Master of Criminal Science
"Ali Hadi Alwan Elobaidi, Ph.D",Law,Bachelor of Law
"Ali Hadi Alwan Elobaidi, Ph.D",Law,Master of Private Law
"Tayil Mohmoud Sheyab, Ph.D",Law,Bachelor of Law
"Tayil Mohmoud Sheyab, Ph.D",Law,Master of Public Law
"Tayil Mohmoud Sheyab, Ph.D",Law,Master of Criminal Science
"Tariq Abdel Rahman Kameel, Ph.D",Law,Bachelor of Law
"Tariq Abdel Rahman Kameel, Ph.D",Law,Master of Private Law
"Ibrahim Suleiman Alqatawneh, Ph.D",Law,Bachelor of Law
"Ibrahim Suleiman Alqatawneh, Ph.D",Law,Master of Public Law
"Ibrahim Suleiman Alqatawneh, Ph.D",Law,Master of Criminal Science
"Ziad kh. Alenizi, Ph.D",Law,Bachelor of Law
"Ziad kh. Alenizi, Ph.D",Law,Master of Private Law
"Faisal Abdelhafez Shawabkeh, Ph.D",Law,Bachelor of Law
"Faisal Abdelhafez Shawabkeh, Ph.D",Law,Master of Public Law
"Fayez Mohammad Al Nusair, Ph.D",Law,Bachelor of Law
"Fayez Mohammad Al Nusair, Ph.D",Law,Master of Private Law
"Suhaib Walid Sharaiyra, Ph.D",Law,Bachelor of Law
"Suhaib Walid Sharaiyra, Ph.D",Law,Master of Private Law
"Abdullah Abdullatif, Ph.D",Law,Bachelor of Law
Amal Aboeida,Law,none
Wafa Al Zayyat,Law,none
"Mohammad Ahmad Ghattas, Ph.D",Pharmacy,Bachelor of Science in Pharmacy
"Mohammad Ahmad Ghattas, Ph.D",Pharmacy,Master of Science in Pharmaceutical Sciences
"Mosab Arafat, Ph.D",Pharmacy,Bachelor of Science in Pharmacy
"Mosab Arafat, Ph.D",Pharmacy,Master of Science in Pharmaceutical Sciences
"Faris El-Dahiyat, Ph.D",Pharmacy,Bachelor of Science in Pharmacy
"Faris El-Dahiyat, Ph.D",Pharmacy,Master of Science in Clinical Pharmacy
"Faris El-Dahiyat, Ph.D",Pharmacy,Master of Science in Pharmaceutical Sciences
"Mohammad Bostanudin, Ph.D",Pharmacy,Bachelor of Science in Pharmacy
"Mohammad Bostanudin, Ph.D",Pharmacy,Master of Science in Pharmaceutical Sciences
"Mahmoud Abu-Ghoush, Ph.D",Pharmacy,Bachelor of Science in Nutrition and Dietetics
"Sehar Iqbal, Ph.D",Pharmacy,Bachelor of Science in Nutrition and Dietetics
"Rose Ghemrawi, Ph.D",Pharmacy,Bachelor of Science in Pharmacy
"Rose Ghemrawi, Ph.D",Pharmacy,Master of Science in Pharmaceutical Sciences
"Khairi Mustafa Salem, Ph.D",Pharmacy,Bachelor of Science in Pharmacy
"Khairi Mustafa Salem, Ph.D",Pharmacy,Master of Science in Pharmaceutical Sciences
"Arshad Mahmood, Ph.D",Pharmacy,Bachelor of Science in Pharmacy
"Arshad Mahmood, Ph.D",Pharmacy,Master of Science in Pharmaceutical Sciences
"Mohammad Majed Al Ahmad, Ph.D",Pharmacy,Bachelor of Science in Pharmacy
"Mohammad Majed Al Ahmad, Ph.D",Pharmacy,Master of Science in Clinical Pharmacy
"Amira Shaaban Ahmed, Ph.D",Pharmacy,Bachelor of Science in Pharmacy
"Amira Shaaban Ahmed, Ph.D",Pharmacy,Master of Science in Clinical Pharmacy
"Muhammad Sarfraz, Ph.D",Pharmacy,Bachelor of Science in Pharmacy
"Muhammad Sarfraz, Ph.D",Pharmacy,Master of Science in Pharmaceutical Sciences
"Nadia Hussain, Ph.D",Pharmacy,Bachelor of Science in Pharmacy
"Nadia Hussain, Ph.D",Pharmacy,Master of Science in Pharmaceutical Sciences
"Nezar Al Bataineh, Ph.D",Pharmacy,Bachelor of Science in Pharmacy
"Nezar Al Bataineh, Ph.D",Pharmacy,Master of Science in Pharmaceutical Sciences
"Asim Ahmed Elnour Ahmed, Ph.D",Pharmacy,Bachelor of Science in Pharmacy
"Asim Ahmed Elnour Ahmed, Ph.D",Pharmacy,Master of Science in Clinical Pharmacy
"Azza Galal Ramadan,Ph.D",Pharmacy,Bachelor of Science in Pharmacy
"Azza Galal Ramadan,Ph.D",Pharmacy,Master of Science in Pharmaceutical Sciences
"Narmeen El Awwad, Ph.D",Pharmacy,Bachelor of Science in Nutrition and Dietetics
"Razan Almomani, Ph.d",Pharmacy,none
"Yazan K. Ranneh, Ph.D",Pharmacy,Bachelor of Science in Nutrition and Dietetics
"Taima Zakaria Alqudah, Ph.D",Pharmacy,Bachelor of Science in Pharmacy
"Taima Zakaria Alqudah, Ph.D",Pharmacy,Master of Science in Pharmaceutical Sciences
"Saad Touqeer, Ph.D",Pharmacy,Bachelor of Science in Pharmacy
"Saad Touqeer, Ph.D",Pharmacy,Master of Science in Pharmaceutical Sciences
"Awfa Alazzeh, Ph.D",Pharmacy,none
"Ahmed Eissa, Ph.D",Pharmacy,Bachelor of Science in Pharmacy
"Ahmed Eissa, Ph.D",Pharmacy,Master of Science in Pharmaceutical Sciences
"Kareem Abdou, Ph.D",Pharmacy,Bachelor of Science in Pharmacy
"Kareem Abdou, Ph.D",Pharmacy,Master of Science in Pharmaceutical Sciences
"Jumana Yousef Almegdadi, MSc",Pharmacy,Bachelor of Science in Pharmacy
Zakieh Abuelkhair,Pharmacy,Bachelor of Science in Pharmacy
"Kawthar Mohammad Kayed, M.Sc",Pharmacy,Bachelor of Science in Pharmacy
Imranul Haq,Pharmacy,none
Rami Abu Jarad,Pharmacy,none
Dana Obaid,Pharmacy,none
Shaima Emad Ahmad Hasan,Pharmacy,none
Ahmad Ziad Al Meslamani,Pharmacy,none
Lana Bustanji,Pharmacy,none
Nasrin Akther Rima,Pharmacy,none
Nour Dabbagh,Pharmacy,none
Abdelrahman H. Abdeen,Pharmacy,none
Mohd Molham Sakkal,Pharmacy,none
Khawla AbouHait,Pharmacy,none
Rahma Elsherif,Pharmacy,none
Pretty Jane,Pharmacy,none
Reem Abdalla Ali,Pharmacy,none
Haya Yasser AlDakheel,Pharmacy,none
Vinnah Jenn Ibarrola,Pharmacy,none
Verna Princess Jimenez,Pharmacy,none
Shambhavi Joshi,Pharmacy,none
"Emad Mohammad Alghazo, Ph.D",Education/Humanities,Bachelor of Education in Special Education
"Emad Mohammad Alghazo, Ph.D",Education/Humanities,Master in Gifted and Talented Education
"Hanene Lahiani, Ph.D",Education/Humanities,Bachelor of Arts in English Language and Translation
"Hanene Lahiani, Ph.D",Education/Humanities,Bachelor of Education - English Language Teacher Education
"Mona Kamal Ibrahim, Ph.D",Education/Humanities,Bachelor of Arts in English Language and Translation
"Mona Kamal Ibrahim, Ph.D",Education/Humanities,Postgraduate Professional Diploma in Teaching
"Suad Abdel Karim Alwaely, Ph.D",Education/Humanities,Postgraduate Professional Diploma in Teaching
"Suad Abdel Karim Alwaely, Ph.D",Education/Humanities,Master of Education in Arabic Language Curricula and Instruction
"Suad Abdel Karim Alwaely, Ph.D",Education/Humanities,Master of Education in Islamic Education Curricula and Instruction
"Suad Abdel Karim Alwaely, Ph.D",Education/Humanities,Doctor of Philosophy in Education - Arabic Language Curricula and Teaching Methods
"Khawlah Mitib Al-Takhayneh, Ph.D",Education/Humanities,Bachelor of Arts in Applied Sociology
"Khawlah Mitib Al-Takhayneh, Ph.D",Education/Humanities,Master of Arts in Applied Sociology
"Khaled Khamis Nser, Ph.D",Education/Humanities,Bachelor of Arts in Applied Sociology
"Khaled Khamis Nser, Ph.D",Education/Humanities,Master of Arts in Applied Sociology
"Samir Jabra Dukmak, Ph.D",Education/Humanities,Bachelor of Arts in Applied Psychology
"Samir Jabra Dukmak, Ph.D",Education/Humanities,Bachelor of Education in Special Education
"Samir Jabra Dukmak, Ph.D",Education/Humanities,Master in Gifted and Talented Education
"Samer Adnan Abdel-Hadi, Ph.D",Education/Humanities,Bachelor of Arts in Applied Psychology
"Samer Adnan Abdel-Hadi, Ph.D",Education/Humanities,Postgraduate Professional Diploma in Teaching
"Samer Adnan Abdel-Hadi, Ph.D",Education/Humanities,Master in Gifted and Talented Education
"Mohammad Husien Faqeeh, Ph.D",Education/Humanities,Bachelor in Arabic Language and Literature
"Mohammad Husien Faqeeh, Ph.D",Education/Humanities,Bachelor in Islamic Studies
"Mohammad Issa Al-Hourani, Ph.D",Education/Humanities,Bachelor in Arabic Language and Literature
"Mohammad Issa Al-Hourani, Ph.D",Education/Humanities,Bachelor in Islamic Studies
"Eman Ali Zaitoun, Ph.D",Education/Humanities,Postgraduate Professional Diploma in Teaching
"Eman Ali Zaitoun, Ph.D",Education/Humanities,Postgraduate Professional Diploma in Early Childhood Education
"Suzan Al Abidi, Ph.D",Education/Humanities,Postgraduate Professional Diploma in Teaching
"Abdel Ghani Amar Remache, Ph.D",Education/Humanities,Bachelor of Arts in English Language and Translation
"Abdel Ghani Amar Remache, Ph.D",Education/Humanities,Bachelor of Education - English Language Teacher Education
"Mohammad Salman Alkhazaleh, Ph.D",Education/Humanities,Postgraduate Professional Diploma in Teaching
"Mohammad Salman Alkhazaleh, Ph.D",Education/Humanities,Postgraduate Professional Diploma in Early Childhood Education
"Mohamed Elsayed Elzeiny, Ph.D",Education/Humanities,Postgraduate Professional Diploma in Teaching
"Mohamed Elsayed Elzeiny, Ph.D",Education/Humanities,Master of Education in Arabic Language Curricula and Instruction
"Mohamed Elsayed Elzeiny, Ph.D",Education/Humanities,Master of Education in Islamic Education Curricula and Instruction
"Mohamed Elsayed Elzeiny, Ph.D",Education/Humanities,Doctor of Philosophy in Education - Arabic Language Curricula and Teaching Methods
"Ashraf Alazab, PhD",Education/Humanities,Bachelor of Arts in Applied Sociology
"Ashraf Alazab, PhD",Education/Humanities,Master of Arts in Applied Sociology
"Salwa Abdallah Al-Majali, Ph.D",Education/Humanities,Bachelor of Arts in Applied Psychology
"Salwa Abdallah Al-Majali, Ph.D",Education/Humanities,Bachelor of Education in Special Education
"Salwa Abdallah Al-Majali, Ph.D",Education/Humanities,Master in Gifted and Talented Education
"Omran Ahmad Musleh, Ph.D",Education/Humanities,Postgraduate Professional Diploma in Teaching
"Omran Ahmad Musleh, Ph.D",Education/Humanities,Master of Education in Arabic Language Curricula and Instruction
"Omran Ahmad Musleh, Ph.D",Education/Humanities,Master of Education in Islamic Education Curricula and Instruction
"Omran Ahmad Musleh, Ph.D",Education/Humanities,Doctor of Philosophy in Education - Arabic Language Curricula and Teaching Methods
"Hussein Khazer Saleh Almajali, Ph.D",Education/Humanities,Bachelor of Arts in Applied Psychology
"Imad Ibraheem KH.Mostafa,Ph.D",Education/Humanities,Bachelor in Islamic Studies
"Imad Ibraheem KH.Mostafa,Ph.D",Education/Humanities,Master of Education in Islamic Education Curricula and Instruction
"Hatem Ahmed Suleiman Al-qudah, Ph.D",Education/Humanities,Postgraduate Professional Diploma in Teaching
"Hatem Ahmed Suleiman Al-qudah, Ph.D",Education/Humanities,Master of Education in Arabic Language Curricula and Instruction
"Hatem Ahmed Suleiman Al-qudah, Ph.D",Education/Humanities,Master of Education in Islamic Education Curricula and Instruction
"Hatem Ahmed Suleiman Al-qudah, Ph.D",Education/Humanities,Doctor of Philosophy in Education - Arabic Language Curricula and Teaching Methods
"Enas Said Abulibdeh, Ph.D",Education/Humanities,Postgraduate Professional Diploma in Teaching
"Wafa' Abdemahdi Hazaymeh, Ph.D",Education/Humanities,Bachelor of Arts in English Language and Translation
"Wafa' Abdemahdi Hazaymeh, Ph.D",Education/Humanities,Postgraduate Professional Diploma in Teaching
"Wafa' Abdemahdi Hazaymeh, Ph.D",Education/Humanities,Postgraduate Professional Diploma in Early Childhood Education
"Razan Numan AlKhatib, Ph.D",Education/Humanities,Bachelor of Education in Special Education
"Razan Numan AlKhatib, Ph.D",Education/Humanities,Master in Gifted and Talented Education
"Rakan Alhrahsheh, Ph.D",Education/Humanities,Bachelor of Arts in Applied Sociology
"Rakan Alhrahsheh, Ph.D",Education/Humanities,Master of Arts in Applied Sociology
"Nahla Alshalabi, Ph.D",Education/Humanities,Bachelor in Arabic Language and Literature
"Hussein Al Sarhan,Ph.D",Education/Humanities,Bachelor of Arts in Applied Sociology
"Hussein Al Sarhan,Ph.D",Education/Humanities,Master of Arts in Applied Sociology
"Abdoulaye Kaba, Ph.D",Education/Humanities,Postgraduate Professional Diploma in Teaching
"Salem Khalil Al Aqtash, Ph.D",Education/Humanities,Bachelor in Arabic Language and Literature
"Shirin Saleh Al-Odwan, Ph.D",Education/Humanities,Bachelor of Arts in Applied Sociology
"Shirin Saleh Al-Odwan, Ph.D",Education/Humanities,Postgraduate Professional Diploma in Teaching
"Dina Naser Tahat, Ph.D",Education/Humanities,Bachelor of Arts in Applied Sociology
"Dina Naser Tahat, Ph.D",Education/Humanities,Master of Arts in Applied Sociology
"Mohannad Salameh Alkhalaileh, Ph.D",Education/Humanities,Postgraduate Professional Diploma in Teaching
"Sura Qiqieh, Ph.D",Education/Humanities,Bachelor of Arts in English Language and Translation
"Sura Qiqieh, Ph.D",Education/Humanities,Postgraduate Professional Diploma in Teaching
"Sura Qiqieh, Ph.D",Education/Humanities,Postgraduate Professional Diploma in Early Childhood Education
"Shirin Abdallah AlAmoor, Ph.D",Education/Humanities,Bachelor of Arts in Applied Psychology
"Maram Salah Jaradat, Ph.D",Education/Humanities,Postgraduate Professional Diploma in Teaching
"Abdeldjalil Bouzenoun, Ph.D",Education/Humanities,Bachelor of Arts in English Language and Translation
"Abdeldjalil Bouzenoun, Ph.D",Education/Humanities,Postgraduate Professional Diploma in Teaching
"Abdeldjalil Bouzenoun, Ph.D",Education/Humanities,Postgraduate Professional Diploma in Early Childhood Education
"Jihan Yousef, Ph.D",Education/Humanities,Postgraduate Professional Diploma in Teaching
"Dima Farhat, Ph.D",Education/Humanities,Bachelor of Arts in English Language and Translation
"Dima Farhat, Ph.D",Education/Humanities,Postgraduate Professional Diploma in Teaching
"Amjad Alhenawi, Ph.D",Education/Humanities,none
"Amjad Kamal Owais, MA",Education/Humanities,Bachelor of Arts in English Language and Translation
"Amjad Kamal Owais, MA",Education/Humanities,Bachelor of Education - English Language Teacher Education
"Moath Kalef Al Omery, MA",Education/Humanities,Bachelor in Islamic Studies
Reem Hamad Sala,Education/Humanities,none
Randa Radwan Abu Eida,Education/Humanities,none
Mariam Alnaqbi,Education/Humanities,none
"Rahima Aissani, Ph.D",Communication,Bachelor of Mass Communication and Media
"Rahima Aissani, Ph.D",Communication,Bachelor of Digital Media
"Rahima Aissani, Ph.D",Communication,Bachelor of Advertising and Digital Marketing
"Rahima Aissani, Ph.D",Communication,Bachelor of Public Relations
"Rahima Aissani, Ph.D",Communication,Bachelor of Communication and Crisis
"Rahima Aissani, Ph.D",Communication,Master of Arts in Digital Media and Public Relations
"Mohammed Taher Nuseir, Ph.D",Communication,Bachelor of Mass Communication and Media
"Mohammed Taher Nuseir, Ph.D",Communication,Bachelor of Digital Media
"Mohammed Taher Nuseir, Ph.D",Communication,Bachelor of Advertising and Digital Marketing
"Mohammed Taher Nuseir, Ph.D",Communication,Bachelor of Public Relations
"Mohammed Taher Nuseir, Ph.D",Communication,Bachelor of Communication and Crisis
"Mohammed Taher Nuseir, Ph.D",Communication,Master of Arts in Digital Media and Public Relations
"Rania Abdallah, Ph.D",Communication,Bachelor of Mass Communication and Media
"Rania Abdallah, Ph.D",Communication,Bachelor of Digital Media
"Rania Abdallah, Ph.D",Communication,Bachelor of Advertising and Digital Marketing
"Rania Abdallah, Ph.D",Communication,Bachelor of Public Relations
"Rania Abdallah, Ph.D",Communication,Bachelor of Communication and Crisis
"Rania Abdallah, Ph.D",Communication,Master of Arts in Digital Media and Public Relations
"Muhammad noor aladwan,Ph.D",Communication,Bachelor of Mass Communication and Media
"Muhammad noor aladwan,Ph.D",Communication,Bachelor of Digital Media
"Muhammad noor aladwan,Ph.D",Communication,Bachelor of Advertising and Digital Marketing
"Muhammad noor aladwan,Ph.D",Communication,Bachelor of Public Relations
"Muhammad noor aladwan,Ph.D",Communication,Bachelor of Communication and Crisis
"Muhammad noor aladwan,Ph.D",Communication,Master of Arts in Digital Media and Public Relations
"Reneh Abokhoza, Ph.D",Communication,Bachelor of Mass Communication and Media
"Reneh Abokhoza, Ph.D",Communication,Bachelor of Digital Media
"Reneh Abokhoza, Ph.D",Communication,Bachelor of Advertising and Digital Marketing
"Reneh Abokhoza, Ph.D",Communication,Bachelor of Public Relations
"Reneh Abokhoza, Ph.D",Communication,Bachelor of Communication and Crisis
"Reneh Abokhoza, Ph.D",Communication,Master of Arts in Digital Media and Public Relations
"Nahida Makhadmeh, Ph.D",Communication,Bachelor of Mass Communication and Media
"Nahida Makhadmeh, Ph.D",Communication,Bachelor of Digital Media
"Nahida Makhadmeh, Ph.D",Communication,Bachelor of Advertising and Digital Marketing
"Nahida Makhadmeh, Ph.D",Communication,Bachelor of Public Relations
"Nahida Makhadmeh, Ph.D",Communication,Bachelor of Communication and Crisis
"Nahida Makhadmeh, Ph.D",Communication,Master of Arts in Digital Media and Public Relations
"Ahmad AlJumah, Ph.D",Communication,Bachelor of Mass Communication and Media
"Ahmad AlJumah, Ph.D",Communication,Bachelor of Digital Media
"Ahmad AlJumah, Ph.D",Communication,Bachelor of Advertising and Digital Marketing
"Ahmad AlJumah, Ph.D",Communication,Bachelor of Public Relations
"Ahmad AlJumah, Ph.D",Communication,Bachelor of Communication and Crisis
"Ahmad AlJumah, Ph.D",Communication,Master of Arts in Digital Media and Public Relations
"Sawsan Taha, Ph.D",Communication,Bachelor of Mass Communication and Media
"Sawsan Taha, Ph.D",Communication,Bachelor of Digital Media
"Sawsan Taha, Ph.D",Communication,Bachelor of Advertising and Digital Marketing
"Sawsan Taha, Ph.D",Communication,Bachelor of Public Relations
"Sawsan Taha, Ph.D",Communication,Bachelor of Communication and Crisis
"Sawsan Taha, Ph.D",Communication,Master of Arts in Digital Media and Public Relations
"Amer Khaled Ahmed, Ph.D",Communication,Bachelor of Mass Communication and Media
"Amer Khaled Ahmed, Ph.D",Communication,Bachelor of Digital Media
"Amer Khaled Ahmed, Ph.D",Communication,Bachelor of Advertising and Digital Marketing
"Amer Khaled Ahmed, Ph.D",Communication,Bachelor of Public Relations
"Amer Khaled Ahmed, Ph.D",Communication,Bachelor of Communication and Crisis
"Amer Khaled Ahmed, Ph.D",Communication,Master of Arts in Digital Media and Public Relations
"Ala’aldin Zahra, PhD",Communication,Bachelor of Mass Communication and Media
"Ala’aldin Zahra, PhD",Communication,Bachelor of Digital Media
"Ala’aldin Zahra, PhD",Communication,Bachelor of Advertising and Digital Marketing
"Ala’aldin Zahra, PhD",Communication,Bachelor of Public Relations
"Ala’aldin Zahra, PhD",Communication,Bachelor of Communication and Crisis
"Farah Saboune, PhD",Communication,Bachelor of Mass Communication and Media
"Farah Saboune, PhD",Communication,Bachelor of Digital Media
"Farah Saboune, PhD",Communication,Bachelor of Advertising and Digital Marketing
"Farah Saboune, PhD",Communication,Bachelor of Public Relations
"Farah Saboune, PhD",Communication,Bachelor of Communication and Crisis
Haneen Shabaneh,Communication,none
Reem Mohamed Shehada,Communication,none
Tasnim Koufi,Communication,none
Geron Galela Ronquillo,Communication,none
"Firas Abedal-Rahman Alquran, Ph.d",Dentistry,none
"Sabrin Azim, PhD",Dentistry,none
"Niazur Rahman, Ph.D",Dentistry,none
Sara Gad,Dentistry,none
Tala Alaa Altamimi,Dentistry,none
"Lo'ai AbuSharour, Ph.D",Nursing,none
"Azza Galal Ramadan,Ph.D",Nursing,none
"Nadeen Alshakhshir, Ph.D",Nursing,none
Alaa Masoud,Nursing,none
